{
  "products": [
    {
      "id": 1,
      "name": "donut",
      "label": "Ciambella",
      "imageSrc": "ciambella.png"
    },
    {
      "id": 2,
      "name": "coke",
      "label": "Coca in bottiglia",
      "imageSrc": "coca.png"
    },
    {
      "id": 3,
      "name": "coke2",
      "label": "Coca in lattina",
      "imageSrc": "coca_2.png"
    },
    {
      "id": 4,
      "name": "chicken_thigh",
      "label": "Coscia di Pollo",
      "imageSrc": "coscia_pollo.png"
    },
    {
      "id": 5,
      "name": "ice_cream",
      "label": "Gelato",
      "imageSrc": "gelato.png"
    },
    {
      "id": 6,
      "name": "hamburger",
      "label": "Hamburger",
      "imageSrc": "hamburger.png"
    },
    {
      "id": 7,
      "name": "hotdog",
      "label": "Hot Dog",
      "imageSrc": "hotdog.png"
    },
    {
      "id": 8,
      "name": "fries",
      "label": "Patatine Fritte",
      "imageSrc": "patatinefritte.png"
    },
    {
      "id": 9,
      "name": "pizza",
      "label": "Pizza",
      "imageSrc": "pizza.png"
    },
    {
      "id": 10,
      "name": "sausage",
      "label": "Salsiccia",
      "imageSrc": "salsiccia.png"
    },
    {
      "id": 11,
      "name": "tacos",
      "label": "Tacos",
      "imageSrc": "tacos.png"
    },
    {
      "id": 12,
      "name": "wrap",
      "label": "Wrap",
      "imageSrc": "wrap.png"
    }
  ]
}
