{
  "directors": [
    {
      "id": 1,
      "name": "James Cameron"
    },
    {
      "id": 2,
      "name": "Quentin Tarantino"
    },
    {
      "id": 3,
      "name": "Wes Anderson"
    },
    {
      "id": 4,
      "name": "Stanley Kubrick"
    }
  ],
  "movies": [
    {
      "directorId": 1,
      "items": [
        {
          "id": 1,
          "title": "Titanic"
        },
        {
          "id": 2,
          "title": "The Terminator"
        },
        {
          "id": 3,
          "title": "Avatar"
        }
      ]
    },
    {
      "directorId": 2,
      "items": [
        {
          "id": 4,
          "title": "Django Unchained"
        },
        {
          "id": 5,
          "title": "Inglourious Basterds"
        },
        {
          "id": 6,
          "title": "Grindhouse"
        }
      ]
    },
    {
      "directorId": 3,
      "items": [
        {
          "id": 7,
          "title": "The Grand Budapest Hotel"
        },
        {
          "id": 8,
          "title": "Moonrise Kingdom"
        },
        {
          "id": 9,
          "title": "Fantastic Mr. Fox"
        }
      ]
    },
    {
      "directorId": 4,
      "items": [
        {
          "id": 10,
          "title": "2001: A Space Odyssey"
        },
        {
          "id": 11,
          "title": "The Shining"
        },
        {
          "id": 12,
          "title": "A Clockwork Orange"
        }
      ]
    }
  ],
  "reviews": [
    {
      "movieId": 1,
      "items": [
        {
          "id": 1,
          "reviewer": "Andy",
          "rating": 10
        },
        {
          "id": 2,
          "reviewer": "Margaret",
          "rating": 5
        },
        {
          "id": 3,
          "reviewer": "Bridget",
          "rating": 8
        },
        {
          "id": 4,
          "reviewer": "Tommy",
          "rating": 9
        }
      ]
    },
    {
      "movieId": 2,
      "items": [
        {
          "id": 1,
          "reviewer": "Jerry",
          "rating": 5
        },
        {
          "id": 2,
          "reviewer": "Margaret",
          "rating": 7
        },
        {
          "id": 3,
          "reviewer": "Bridget",
          "rating": 6
        },
        {
          "id": 4,
          "reviewer": "Tommy",
          "rating": 9
        }
      ]
    },
    {
      "movieId": 3,
      "items": [
        {
          "id": 1,
          "reviewer": "Peter",
          "rating": 10
        },
        {
          "id": 2,
          "reviewer": "Betty",
          "rating": 6
        },
        {
          "id": 3,
          "reviewer": "Bridget",
          "rating": 1
        },
        {
          "id": 4,
          "reviewer": "Tommy",
          "rating": 2
        }
      ]
    },
    {
      "movieId": 4,
      "items": [
        {
          "id": 1,
          "reviewer": "Stanley",
          "rating": 8
        },
        {
          "id": 2,
          "reviewer": "James",
          "rating": 5
        },
        {
          "id": 3,
          "reviewer": "Anna",
          "rating": 8
        },
        {
          "id": 4,
          "reviewer": "Kate",
          "rating": 9
        }
      ]
    },
    {
      "movieId": 5,
      "items": [
        {
          "id": 1,
          "reviewer": "James",
          "rating": 10
        },
        {
          "id": 2,
          "reviewer": "Kate",
          "rating": 10
        },
        {
          "id": 3,
          "reviewer": "Patricia",
          "rating": 8
        },
        {
          "id": 4,
          "reviewer": "Jerry",
          "rating": 9
        }
      ]
    },
    {
      "movieId": 6,
      "items": [
        {
          "id": 1,
          "reviewer": "Tom",
          "rating": 2
        },
        {
          "id": 2,
          "reviewer": "Mike",
          "rating": 10
        },
        {
          "id": 3,
          "reviewer": "Bridget",
          "rating": 8
        },
        {
          "id": 4,
          "reviewer": "Tommy",
          "rating": 9
        }
      ]
    },
    {
      "movieId": 7,
      "items": [
        {
          "id": 1,
          "reviewer": "Andy",
          "rating": 10
        },
        {
          "id": 2,
          "reviewer": "Margaret",
          "rating": 5
        },
        {
          "id": 3,
          "reviewer": "Bridget",
          "rating": 8
        },
        {
          "id": 4,
          "reviewer": "Tommy",
          "rating": 9
        }
      ]
    },
    {
      "movieId": 8,
      "items": [
        {
          "id": 1,
          "reviewer": "Willy",
          "rating": 2
        },
        {
          "id": 2,
          "reviewer": "Margaret",
          "rating": 10
        },
        {
          "id": 3,
          "reviewer": "Bridget",
          "rating": 7
        },
        {
          "id": 4,
          "reviewer": "Tommy",
          "rating": 9
        }
      ]
    },
    {
      "movieId": 9,
      "items": [
        {
          "id": 1,
          "reviewer": "Andy",
          "rating": 10
        },
        {
          "id": 2,
          "reviewer": "Margaret",
          "rating": 1
        },
        {
          "id": 3,
          "reviewer": "Bridget",
          "rating": 2
        },
        {
          "id": 4,
          "reviewer": "Tommy",
          "rating": 9
        }
      ]
    },
    {
      "movieId": 10,
      "items": [
        {
          "id": 1,
          "reviewer": "Andy",
          "rating": 10
        },
        {
          "id": 2,
          "reviewer": "Margaret",
          "rating": 5
        },
        {
          "id": 3,
          "reviewer": "Bridget",
          "rating": 8
        },
        {
          "id": 4,
          "reviewer": "Tommy",
          "rating": 9
        }
      ]
    },
    {
      "movieId": 11,
      "items": [
        {
          "id": 1,
          "reviewer": "Kate",
          "rating": 6
        },
        {
          "id": 2,
          "reviewer": "Margaret",
          "rating": 5
        },
        {
          "id": 3,
          "reviewer": "Bridget",
          "rating": 8
        },
        {
          "id": 4,
          "reviewer": "Patricia",
          "rating": 7
        }
      ]
    },
    {
      "movieId": 12,
      "items": [
        {
          "id": 1,
          "reviewer": "Mike",
          "rating": 10
        },
        {
          "id": 2,
          "reviewer": "Margaret",
          "rating": 9
        },
        {
          "id": 3,
          "reviewer": "Bridget",
          "rating": 1
        },
        {
          "id": 4,
          "reviewer": "Tommy",
          "rating": 9
        }
      ]
    }
  ]
}
